debugfUMOt:debugPk3nE,params,"{'CODE': 'aoudad', 'MIN_TIME': 7, 'inspectCost': 0.3, 'startTime': 'Wed Aug 10 2022 13:06:55 GMT+0200 (Central European Summer Time)', 'bonusRate': 0.002, 'variance': '2_4_24', 'branching': '312'}"
5eb40f1f0d916d20d9db9144:62ffb73fe31bae241538cb8a,params,"{'CODE': 'C6DMOQA6', 'MIN_TIME': 7, 'inspectCost': 1, 'startTime': 'Fri Aug 19 2022 19:09:03 GMT+0200 (hora de verano de Europa central)', 'bonusRate': 0.002, 'variance': '2_4_24', 'branching': '312'}"
automated36:automated36,params,"{'CODE': 'CD8YV6VN', 'MIN_TIME': 7, 'inspectCost': 1, 'startTime': 'Mon Sep 05 2022 11:47:30 GMT+0200 (Central European Summer Time)', 'bonusRate': 0.002, 'variance': '2_4_24', 'branching': '312'}"
60f5a773c448898bf72987bc:62ffb73fe31bae241538cb8a,params,"{'CODE': 'C6DMOQA6', 'MIN_TIME': 7, 'inspectCost': 0.25, 'startTime': 'Fri Aug 19 2022 18:28:46 GMT+0200 (Horário de Verão da Europa Central)', 'bonusRate': 0.002, 'variance': '2_4_24', 'branching': '312'}"
60f5a773c448898bf72987bc:62ffb73fe31bae241538cb8a,final_score,1267.75
612288702a5316519e4e9602:630395ec3bbdf7a1062ff4c9,params,"{'CODE': 'CD8YV6VN', 'MIN_TIME': 7, 'inspectCost': 0.25, 'startTime': 'Mon Aug 22 2022 16:57:27 GMT+0200 (South Africa Standard Time)', 'bonusRate': 0.002, 'variance': '2_4_24', 'branching': '312'}"
612288702a5316519e4e9602:630395ec3bbdf7a1062ff4c9,final_score,1261.25
614dac7f309fad34961e6cd5:62f6237ed64dc454fe55122a,params,"{'CODE': 'C6DMOQA6', 'MIN_TIME': 7, 'inspectCost': 0.3, 'startTime': 'Fri Aug 12 2022 12:29:01 GMT+0200 (South Africa Standard Time)', 'bonusRate': 0.002, 'variance': '2_4_24', 'branching': '312'}"
614dac7f309fad34961e6cd5:62f6237ed64dc454fe55122a,final_score,373.7
debugAYn4h:debugYzDRx,params,"{'CODE': 'guanaco', 'MIN_TIME': 7, 'inspectCost': 0.6, 'startTime': 'Tue Aug 02 2022 14:03:54 GMT+0200 (CEST)', 'bonusRate': 0.002, 'variance': '2_4_24', 'branching': '312'}"
debugAYn4h:debugYzDRx,final_score,273.2
debugmvbAU:debugUlAcC,params,"{'CODE': 'guanaco', 'MIN_TIME': 7, 'inspectCost': 0.6, 'startTime': 'Tue Aug 02 2022 14:39:18 GMT+0200 (CEST)', 'bonusRate': 0.002, 'variance': '2_4_24', 'branching': '312'}"
debug4zEiX:debugYrPJE,params,"{'CODE': 'C6DMOQA6', 'MIN_TIME': 7, 'inspectCost': 0.3, 'startTime': 'Mon Aug 15 2022 13:45:33 GMT+0200 (Central European Summer Time)', 'bonusRate': 0.002, 'variance': '2_4_24', 'branching': '312'}"
60d0e3cdd3e941278729a6df:62f6237ed64dc454fe55122a,params,"{'CODE': 'C6DMOQA6', 'MIN_TIME': 7, 'inspectCost': 0.3, 'startTime': 'Fri Aug 12 2022 12:09:50 GMT+0200 (czas środkowoeuropejski letni)', 'bonusRate': 0.002, 'variance': '2_4_24', 'branching': '312'}"
60d0e3cdd3e941278729a6df:62f6237ed64dc454fe55122a,final_score,1297.7
debugtLzwr:debugzcAu3,params,"{'CODE': 'guanaco', 'MIN_TIME': 7, 'inspectCost': 0.6, 'startTime': 'Tue Aug 02 2022 11:27:27 GMT+0200 (Central European Summer Time)', 'bonusRate': 0.002, 'variance': '2_4_24', 'branching': '312'}"
debugtLzwr:debugzcAu3,final_score,-67.6
debugWcads:debugkFvJP,params,"{'CODE': 'aoudad', 'MIN_TIME': 7, 'inspectCost': 0.3, 'startTime': 'Wed Aug 10 2022 15:06:55 GMT+0200 (Central European Summer Time)', 'bonusRate': 0.002, 'variance': '2_4_24', 'branching': '312'}"
debugbpWSi:debugtAtBz,params,"{'CODE': 'guanaco', 'MIN_TIME': 7, 'inspectCost': 0.6, 'startTime': 'Tue Aug 02 2022 15:07:14 GMT+0200 (CEST)', 'bonusRate': 0.002, 'variance': '2_4_24', 'branching': '312'}"
5e8a0912524dca6ad71ecb86:62ffb73fe31bae241538cb8a,params,"{'CODE': 'C6DMOQA6', 'MIN_TIME': 7, 'inspectCost': 0.25, 'startTime': 'Fri Aug 19 2022 11:29:20 GMT-0500 (hora de verano central)', 'bonusRate': 0.002, 'variance': '2_4_24', 'branching': '312'}"
61608ab68435ea63ed610145:62f6237ed64dc454fe55122a,params,"{'CODE': 'C6DMOQA6', 'MIN_TIME': 7, 'inspectCost': 0.3, 'startTime': 'Fri Aug 12 2022 12:20:15 GMT+0200 (South Africa Standard Time)', 'bonusRate': 0.002, 'variance': '2_4_24', 'branching': '312'}"
debug3rP661:debug433qx,params,"{'CODE': 'C6DMOQA6', 'MIN_TIME': 7, 'inspectCost': 1, 'startTime': 'Fri Aug 19 2022 17:55:41 GMT+0200 (Central European Summer Time)', 'bonusRate': 0.002, 'variance': '2_4_24', 'branching': '312'}"
613cfaecee50fc5d702c9cfc:62ffb73fe31bae241538cb8a,params,"{'CODE': 'C6DMOQA6', 'MIN_TIME': 7, 'inspectCost': 0.25, 'startTime': 'Fri Aug 19 2022 11:28:03 GMT-0500 (hora de verano central)', 'bonusRate': 0.002, 'variance': '2_4_24', 'branching': '312'}"
60c49e68081928c86ba7b98a:62ffb73fe31bae241538cb8a,params,"{'CODE': 'C6DMOQA6', 'MIN_TIME': 7, 'inspectCost': 0.25, 'startTime': 'Fri Aug 19 2022 18:30:03 GMT+0200 (Ora legale dell’Europa centrale)', 'bonusRate': 0.002, 'variance': '2_4_24', 'branching': '312'}"
60c49e68081928c86ba7b98a:62ffb73fe31bae241538cb8a,final_score,1345.25
60ad08c3ad95f90587de6c45:62f6237ed64dc454fe55122a,params,"{'CODE': 'C6DMOQA6', 'MIN_TIME': 7, 'inspectCost': 0.3, 'startTime': 'Fri Aug 12 2022 11:09:49 GMT+0100 (Hora de verão da Europa Ocidental)', 'bonusRate': 0.002, 'variance': '2_4_24', 'branching': '312'}"
60ad08c3ad95f90587de6c45:62f6237ed64dc454fe55122a,final_score,1320.1
5e1aed4331d8d93320bc6d4e:630395ec3bbdf7a1062ff4c9,params,"{'CODE': 'CD8YV6VN', 'MIN_TIME': 7, 'inspectCost': 0.25, 'startTime': 'Mon Aug 22 2022 18:09:43 GMT+0300 (שעון ישראל (קיץ))', 'bonusRate': 0.002, 'variance': '2_4_24', 'branching': '312'}"
5e1aed4331d8d93320bc6d4e:630395ec3bbdf7a1062ff4c9,final_score,1382.5
6137dafbe514b520301ed443:630395ec3bbdf7a1062ff4c9,params,"{'CODE': 'CD8YV6VN', 'MIN_TIME': 7, 'inspectCost': 0.25, 'startTime': 'Mon Aug 22 2022 17:04:42 GMT+0200 (South Africa Standard Time)', 'bonusRate': 0.002, 'variance': '2_4_24', 'branching': '312'}"
6137dafbe514b520301ed443:630395ec3bbdf7a1062ff4c9,final_score,1471.75
automated25:automated25,params,"{'CODE': 'CD8YV6VN', 'MIN_TIME': 7, 'inspectCost': 1, 'startTime': 'Mon Sep 05 2022 09:00:55 GMT+0200 (Central European Summer Time)', 'bonusRate': 0.002, 'variance': '2_4_24', 'branching': '312'}"
debug4P661:debug411qx,params,"{'CODE': 'C6DMOQA6', 'MIN_TIME': 7, 'inspectCost': 0.25, 'startTime': 'Fri Aug 19 2022 18:10:51 GMT+0200 (Central European Summer Time)', 'bonusRate': 0.002, 'variance': '2_4_24', 'branching': '312'}"
debu3542661:debug43251qx,params,"{'CODE': 'C6DMOQA6', 'MIN_TIME': 7, 'inspectCost': 0.25, 'startTime': 'Fri Aug 19 2022 18:11:25 GMT+0200 (Central European Summer Time)', 'bonusRate': 0.002, 'variance': '2_4_24', 'branching': '312'}"
5acdd627436f5500010046ac:62ffb73fe31bae241538cb8a,params,"{'CODE': 'C6DMOQA6', 'MIN_TIME': 7, 'inspectCost': 0.25, 'startTime': 'Fri Aug 19 2022 18:32:47 GMT+0200 (hora de verano de Europa central)', 'bonusRate': 0.002, 'variance': '2_4_24', 'branching': '312'}"
5c430039e972300001ac04f3:62ffb73fe31bae241538cb8a,params,"{'CODE': 'C6DMOQA6', 'MIN_TIME': 7, 'inspectCost': 1, 'startTime': 'Fri Aug 19 2022 18:28:41 GMT+0200 (czas środkowoeuropejski letni)', 'bonusRate': 0.002, 'variance': '2_4_24', 'branching': '312'}"
5c430039e972300001ac04f3:62ffb73fe31bae241538cb8a,final_score,1088
automated32:automated32,params,"{'CODE': 'CD8YV6VN', 'MIN_TIME': 7, 'inspectCost': 1, 'startTime': 'Mon Sep 05 2022 10:16:52 GMT+0200 (Central European Summer Time)', 'bonusRate': 0.002, 'variance': '2_4_24', 'branching': '312'}"
automated32:automated32,final_score,190
6169dc7d34d85e70201ee321:62ffb73fe31bae241538cb8a,params,"{'CODE': 'C6DMOQA6', 'MIN_TIME': 7, 'inspectCost': 1, 'startTime': 'Fri Aug 19 2022 18:33:20 GMT+0200 (South Africa Standard Time)', 'bonusRate': 0.002, 'variance': '2_4_24', 'branching': '312'}"
6169dc7d34d85e70201ee321:62ffb73fe31bae241538cb8a,final_score,1190
debugLjsDT:debugv6dIG,params,"{'CODE': 'guanaco', 'MIN_TIME': 7, 'inspectCost': 0.6, 'startTime': 'Mon Aug 01 2022 16:51:12 GMT+0200 (Central European Summer Time)', 'bonusRate': 0.002, 'variance': '2_4_24', 'branching': '312'}"
61670b85f91be7f7618712b5:62ffb73fe31bae241538cb8a,params,"{'CODE': 'C6DMOQA6', 'MIN_TIME': 7, 'inspectCost': 1, 'startTime': 'Fri Aug 19 2022 18:52:17 GMT+0200 (South Africa Standard Time)', 'bonusRate': 0.002, 'variance': '2_4_24', 'branching': '312'}"
614775c6f329a9e5ab190e04:630395ec3bbdf7a1062ff4c9,params,"{'CODE': 'CD8YV6VN', 'MIN_TIME': 7, 'inspectCost': 0.25, 'startTime': 'Mon Aug 22 2022 15:54:45 GMT+0100 (Western European Summer Time)', 'bonusRate': 0.002, 'variance': '2_4_24', 'branching': '312'}"
614775c6f329a9e5ab190e04:630395ec3bbdf7a1062ff4c9,final_score,832.25
automated6:automated6,params,"{'CODE': 'CD8YV6VN', 'MIN_TIME': 7, 'inspectCost': 1, 'startTime': 'Thu Sep 01 2022 12:04:41 GMT+0200 (Central European Summer Time)', 'bonusRate': 0.002, 'variance': '2_4_24', 'branching': '312'}"
61290c984835b674072fc6ac:62f6237ed64dc454fe55122a,params,"{'CODE': 'C6DMOQA6', 'MIN_TIME': 7, 'inspectCost': 0.3, 'startTime': 'Fri Aug 12 2022 12:56:06 GMT+0200 (South Africa Standard Time)', 'bonusRate': 0.002, 'variance': '2_4_24', 'branching': '312'}"
61290c984835b674072fc6ac:62f6237ed64dc454fe55122a,final_score,598.5
debugUHTyL:debugnAiNJ,params,"{'CODE': 'aoudad', 'MIN_TIME': 7, 'inspectCost': 0.3, 'startTime': 'Wed Aug 10 2022 16:53:56 GMT+0200 (Central European Summer Time)', 'bonusRate': 0.002, 'variance': '2_4_24', 'branching': '312'}"
5fa41da4e4209b0314c4ba5b:62f6237ed64dc454fe55122a,params,"{'CODE': 'C6DMOQA6', 'MIN_TIME': 7, 'inspectCost': 0.3, 'startTime': 'Fri Aug 12 2022 12:09:53 GMT+0200 (heure d’été d’Europe centrale)', 'bonusRate': 0.002, 'variance': '2_4_24', 'branching': '312'}"
5fa41da4e4209b0314c4ba5b:62f6237ed64dc454fe55122a,final_score,1284.3
5d1cc0603690a90017b7fde9:62ffb73fe31bae241538cb8a,params,"{'CODE': 'C6DMOQA6', 'MIN_TIME': 7, 'inspectCost': 1, 'startTime': 'Fri Aug 19 2022 19:05:47 GMT+0200 (czas środkowoeuropejski letni)', 'bonusRate': 0.002, 'variance': '2_4_24', 'branching': '312'}"
5d1cc0603690a90017b7fde9:62ffb73fe31bae241538cb8a,final_score,1367
debugspbB9:debugSfY5d,params,"{'CODE': 'C6DMOQA6', 'MIN_TIME': 7, 'inspectCost': 1, 'startTime': 'Mon Aug 22 2022 12:33:10 GMT+0200 (Central European Summer Time)', 'bonusRate': 0.002, 'variance': '2_4_24', 'branching': '312'}"
debug83NEB:debug7xGNg,params,"{'CODE': 'guanaco', 'MIN_TIME': 7, 'inspectCost': 0.6, 'startTime': 'Tue Aug 02 2022 12:04:00 GMT+0200 (Central European Summer Time)', 'bonusRate': 0.002, 'variance': '2_4_24', 'branching': '312'}"
debugstPrp:debugzFpXB,params,"{'CODE': 'C6DMOQA6', 'MIN_TIME': 7, 'inspectCost': 0.3, 'startTime': 'Thu Aug 11 2022 11:27:30 GMT+0200 (Central European Summer Time)', 'bonusRate': 0.002, 'variance': '2_4_24', 'branching': '312'}"
debugZnfxu:debugZcQwD,params,"{'CODE': 'guanaco', 'MIN_TIME': 7, 'inspectCost': 0.6, 'startTime': 'Tue Aug 02 2022 14:57:27 GMT+0200 (CEST)', 'bonusRate': 0.002, 'variance': '2_4_24', 'branching': '312'}"
60f35298d49211f5e58f2ac2:62ffb73fe31bae241538cb8a,params,"{'CODE': 'C6DMOQA6', 'MIN_TIME': 7, 'inspectCost': 0.25, 'startTime': 'Fri Aug 19 2022 10:31:57 GMT-0700 (Pacific Daylight Time)', 'bonusRate': 0.002, 'variance': '2_4_24', 'branching': '312'}"
616f469494656434f5b4ebc6:630395ec3bbdf7a1062ff4c9,params,"{'CODE': 'CD8YV6VN', 'MIN_TIME': 7, 'inspectCost': 0.25, 'startTime': 'Mon Aug 22 2022 09:58:14 GMT-0500 (hora de verano central)', 'bonusRate': 0.002, 'variance': '2_4_24', 'branching': '312'}"
616f469494656434f5b4ebc6:630395ec3bbdf7a1062ff4c9,final_score,1165.75
61212548227146794559af84:62ffb73fe31bae241538cb8a,params,"{'CODE': 'C6DMOQA6', 'MIN_TIME': 7, 'inspectCost': 0.25, 'startTime': 'Fri Aug 19 2022 18:38:09 GMT+0200 (South Africa Standard Time)', 'bonusRate': 0.002, 'variance': '2_4_24', 'branching': '312'}"
61212548227146794559af84:62ffb73fe31bae241538cb8a,final_score,1309
automated11:automated11,params,"{'CODE': 'CD8YV6VN', 'MIN_TIME': 7, 'inspectCost': 1, 'startTime': 'Thu Sep 01 2022 16:54:24 GMT+0200 (Central European Summer Time)', 'bonusRate': 0.002, 'variance': '2_4_24', 'branching': '312'}"
5f5a69a0b2b7c2119ecf07bf:630395ec3bbdf7a1062ff4c9,params,"{'CODE': 'CD8YV6VN', 'MIN_TIME': 7, 'inspectCost': 0.25, 'startTime': 'Mon Aug 22 2022 17:22:00 GMT+0200 (czas środkowoeuropejski letni)', 'bonusRate': 0.002, 'variance': '2_4_24', 'branching': '312'}"
5f5a69a0b2b7c2119ecf07bf:630395ec3bbdf7a1062ff4c9,final_score,1335.75
automated33:automated33,params,"{'CODE': 'CD8YV6VN', 'MIN_TIME': 7, 'inspectCost': 1, 'startTime': 'Mon Sep 05 2022 10:28:14 GMT+0200 (Central European Summer Time)', 'bonusRate': 0.002, 'variance': '2_4_24', 'branching': '312'}"
5d692646e0457700198253cf:62f6237ed64dc454fe55122a,params,"{'CODE': 'C6DMOQA6', 'MIN_TIME': 7, 'inspectCost': 0.3, 'startTime': 'Fri Aug 12 2022 12:10:19 GMT+0200 (centraleuropeisk sommartid)', 'bonusRate': 0.002, 'variance': '2_4_24', 'branching': '312'}"
5d692646e0457700198253cf:62f6237ed64dc454fe55122a,final_score,1463
611d0afbb2a19acfd012545b:62f3c05cc386d01b3d466a42,params,"{'CODE': 'C6DMOQA6', 'MIN_TIME': 7, 'inspectCost': 0.3, 'startTime': 'Thu Aug 11 2022 12:31:39 GMT+0200 (South Africa Standard Time)', 'bonusRate': 0.002, 'variance': '2_4_24', 'branching': '312'}"
611d0afbb2a19acfd012545b:62f3c05cc386d01b3d466a42,final_score,1418.7
debugJRT5G:debugOo7jM,params,"{'CODE': 'guanaco', 'MIN_TIME': 7, 'inspectCost': 0.6, 'startTime': 'Tue Aug 02 2022 15:25:16 GMT+0200 (Central European Summer Time)', 'bonusRate': 0.002, 'variance': '2_4_24', 'branching': '312'}"
debug7rDBh:debugWQfNZ,params,"{'CODE': 'C6DMOQA6', 'MIN_TIME': 7, 'inspectCost': 0.3, 'startTime': 'Thu Aug 11 2022 11:39:47 GMT+0200 (Central European Summer Time)', 'bonusRate': 0.002, 'variance': '2_4_24', 'branching': '312'}"
5f8d00ca25aa354b7063d7c7:62ffb73fe31bae241538cb8a,params,"{'CODE': 'C6DMOQA6', 'MIN_TIME': 7, 'inspectCost': 0.25, 'startTime': 'Fri Aug 19 2022 11:32:45 GMT-0500 (hora de verano central)', 'bonusRate': 0.002, 'variance': '2_4_24', 'branching': '312'}"
5f8d00ca25aa354b7063d7c7:62ffb73fe31bae241538cb8a,final_score,1188.5
debugRmQpj:debugYGlhK,params,"{'CODE': 'C6DMOQA6', 'MIN_TIME': 7, 'inspectCost': 0.5, 'startTime': 'Mon Aug 15 2022 14:16:47 GMT+0200 (Central European Summer Time)', 'bonusRate': 0.002, 'variance': '2_4_24', 'branching': '312'}"
5fa7e834819bc858e470ae14:62ffb73fe31bae241538cb8a,params,"{'CODE': 'C6DMOQA6', 'MIN_TIME': 7, 'inspectCost': 0.25, 'startTime': 'Fri Aug 19 2022 19:14:00 GMT+0200 (czas środkowoeuropejski letni)', 'bonusRate': 0.002, 'variance': '2_4_24', 'branching': '312'}"
5fa7e834819bc858e470ae14:62ffb73fe31bae241538cb8a,final_score,1369.25
5db99138bcd46f000ed93841:62ffb73fe31bae241538cb8a,params,"{'CODE': 'C6DMOQA6', 'MIN_TIME': 7, 'inspectCost': 1, 'startTime': 'Fri Aug 19 2022 18:30:41 GMT+0200 (Ora legale dell’Europa centrale)', 'bonusRate': 0.002, 'variance': '2_4_24', 'branching': '312'}"
5db99138bcd46f000ed93841:62ffb73fe31bae241538cb8a,final_score,1170
60b8b5dcb46db8ae98d0b047:62ffb73fe31bae241538cb8a,params,"{'CODE': 'C6DMOQA6', 'MIN_TIME': 7, 'inspectCost': 1, 'startTime': 'Fri Aug 19 2022 18:03:48 GMT+0100 (Hora de verão da Europa Ocidental)', 'bonusRate': 0.002, 'variance': '2_4_24', 'branching': '312'}"
60b8b5dcb46db8ae98d0b047:62ffb73fe31bae241538cb8a,final_score,1061
6130ceb2390f7cb3284f33a9:62ffb73fe31bae241538cb8a,params,"{'CODE': 'C6DMOQA6', 'MIN_TIME': 7, 'inspectCost': 1, 'startTime': 'Fri Aug 19 2022 18:30:55 GMT+0200 (South Africa Standard Time)', 'bonusRate': 0.002, 'variance': '2_4_24', 'branching': '312'}"
615f371e6688c87e53e7acf5:62ffb73fe31bae241538cb8a,params,"{'CODE': 'C6DMOQA6', 'MIN_TIME': 7, 'inspectCost': 1, 'startTime': 'Fri Aug 19 2022 19:49:31 GMT+0200 (South Africa Standard Time)', 'bonusRate': 0.002, 'variance': '2_4_24', 'branching': '312'}"
6113dc7ee718f73116fcdc8a:630395ec3bbdf7a1062ff4c9,params,"{'CODE': 'CD8YV6VN', 'MIN_TIME': 7, 'inspectCost': 0.25, 'startTime': 'Mon Aug 22 2022 16:56:28 GMT+0200 (South Africa Standard Time)', 'bonusRate': 0.002, 'variance': '2_4_24', 'branching': '312'}"
6140be2fdc5e6f433f412f7a:62ffb73fe31bae241538cb8a,params,"{'CODE': 'C6DMOQA6', 'MIN_TIME': 7, 'inspectCost': 1, 'startTime': 'Fri Aug 19 2022 11:30:20 GMT-0500 (Central Daylight Time)', 'bonusRate': 0.002, 'variance': '2_4_24', 'branching': '312'}"
6140be2fdc5e6f433f412f7a:62ffb73fe31bae241538cb8a,final_score,1240
60a51393b86b6c9753bb36da:62ffb73fe31bae241538cb8a,params,"{'CODE': 'C6DMOQA6', 'MIN_TIME': 7, 'inspectCost': 0.25, 'startTime': 'Fri Aug 19 2022 17:41:58 GMT+0100 (British Summer Time)', 'bonusRate': 0.002, 'variance': '2_4_24', 'branching': '312'}"
60a51393b86b6c9753bb36da:62ffb73fe31bae241538cb8a,final_score,1462.75
60315645c8c7420a2f1ade9c:630395ec3bbdf7a1062ff4c9,params,"{'CODE': 'CD8YV6VN', 'MIN_TIME': 7, 'inspectCost': 0.25, 'startTime': 'Mon Aug 22 2022 17:33:33 GMT+0200 (Central Africa Time)', 'bonusRate': 0.002, 'variance': '2_4_24', 'branching': '312'}"
60315645c8c7420a2f1ade9c:630395ec3bbdf7a1062ff4c9,final_score,872.5
automated17:automated17,params,"{'CODE': 'CD8YV6VN', 'MIN_TIME': 7, 'inspectCost': 1, 'startTime': 'Fri Sep 02 2022 11:34:38 GMT+0200 (Central European Summer Time)', 'bonusRate': 0.002, 'variance': '2_4_24', 'branching': '312'}"
debugJqwPF:debugxGcpq,params,"{'CODE': 'guanaco', 'MIN_TIME': 7, 'inspectCost': 0.6, 'startTime': 'Tue Aug 02 2022 15:26:09 GMT+0200 (CEST)', 'bonusRate': 0.002, 'variance': '2_4_24', 'branching': '312'}"
debu323231:debug4323351qx,params,"{'CODE': 'C6DMOQA6', 'MIN_TIME': 7, 'inspectCost': 1, 'startTime': 'Fri Aug 19 2022 18:18:21 GMT+0200 (Central European Summer Time)', 'bonusRate': 0.002, 'variance': '2_4_24', 'branching': '312'}"
61717173748006894b2b54ff:62f6237ed64dc454fe55122a,params,"{'CODE': 'C6DMOQA6', 'MIN_TIME': 7, 'inspectCost': 0.3, 'startTime': 'Fri Aug 12 2022 14:02:11 GMT+0200 (közép-európai nyári idő)', 'bonusRate': 0.002, 'variance': '2_4_24', 'branching': '312'}"
61717173748006894b2b54ff:62f6237ed64dc454fe55122a,final_score,1295.7
debugMSCTV:debugiYBTr,params,"{'CODE': 'guanaco', 'MIN_TIME': 7, 'inspectCost': 0.6, 'startTime': 'Tue Aug 02 2022 15:26:42 GMT+0200 (Central European Summer Time)', 'bonusRate': 0.002, 'variance': '2_4_24', 'branching': '312'}"
debugSjcIs:debugwlmBR,params,"{'CODE': 'C6DMOQA6', 'MIN_TIME': 7, 'inspectCost': 0.5, 'startTime': 'Mon Aug 15 2022 14:17:44 GMT+0200 (CEST)', 'bonusRate': 0.002, 'variance': '2_4_24', 'branching': '312'}"
62cea839eb104e720d1fc9b3:62ffb73fe31bae241538cb8a,params,"{'CODE': 'C6DMOQA6', 'MIN_TIME': 7, 'inspectCost': 0.25, 'startTime': 'Fri Aug 19 2022 17:39:35 GMT+0100 (British Summer Time)', 'bonusRate': 0.002, 'variance': '2_4_24', 'branching': '312'}"
speebug:speebug,params,"{'CODE': 'CD8YV6VN', 'MIN_TIME': 7, 'inspectCost': 0.25, 'startTime': 'Tue Aug 23 2022 15:24:02 GMT+0200 (Central European Summer Time)', 'bonusRate': 0.002, 'variance': '2_4_24', 'branching': '312'}"
5df76aff2d2185502504d15c:62ffb73fe31bae241538cb8a,params,"{'CODE': 'C6DMOQA6', 'MIN_TIME': 7, 'inspectCost': 0.25, 'startTime': 'Fri Aug 19 2022 17:30:44 GMT+0100 (Hora de verão da Europa Ocidental)', 'bonusRate': 0.002, 'variance': '2_4_24', 'branching': '312'}"
5df76aff2d2185502504d15c:62ffb73fe31bae241538cb8a,final_score,1190.25
debug2A5w7:debugG07tz,params,"{'CODE': 'guanaco', 'MIN_TIME': 7, 'inspectCost': 0.6, 'startTime': 'Thu Aug 04 2022 08:15:44 GMT+0200 (CEST)', 'bonusRate': 0.002, 'variance': '2_4_24', 'branching': '312'}"
debug2A5w7:debugG07tz,final_score,73.00000000000001
debugfpcaK:debugwtu7S,params,"{'CODE': 'guanaco', 'MIN_TIME': 7, 'inspectCost': 0.6, 'startTime': 'Fri Aug 05 2022 16:47:55 GMT+0200 (Central European Summer Time)', 'bonusRate': 0.002, 'variance': '2_4_24', 'branching': '312'}"
debugo5v1i:debugsoIhX,params,"{'CODE': 'CD8YV6VN', 'MIN_TIME': 7, 'inspectCost': 1, 'startTime': 'Tue Sep 06 2022 11:44:48 GMT+0200 (Central European Summer Time)', 'bonusRate': 0.002, 'variance': '2_4_24', 'branching': '312'}"
5d07b36bffd6f0000150ab24:62f3c05cc386d01b3d466a42,params,"{'CODE': 'C6DMOQA6', 'MIN_TIME': 7, 'inspectCost': 0.3, 'startTime': 'Thu Aug 11 2022 11:22:18 GMT+0100 (Hora de verão da Europa Ocidental)', 'bonusRate': 0.002, 'variance': '2_4_24', 'branching': '312'}"
5d07b36bffd6f0000150ab24:62f3c05cc386d01b3d466a42,final_score,1291.5
debugGKcXa:debugX3W6A,params,"{'CODE': 'guanaco', 'MIN_TIME': 7, 'inspectCost': 0.6, 'startTime': 'Mon Aug 08 2022 09:01:55 GMT+0200 (Central European Summer Time)', 'bonusRate': 0.002, 'variance': '2_4_24', 'branching': '312'}"
60dc9556508486e19fc42546:62f3c05cc386d01b3d466a42,params,"{'CODE': 'C6DMOQA6', 'MIN_TIME': 7, 'inspectCost': 0.3, 'startTime': 'Thu Aug 11 2022 12:26:12 GMT+0200 (South Africa Standard Time)', 'bonusRate': 0.002, 'variance': '2_4_24', 'branching': '312'}"
60dc9556508486e19fc42546:62f3c05cc386d01b3d466a42,final_score,1321.4
5f71e885e4c6b907c3c3610f:62ffb73fe31bae241538cb8a,params,"{'CODE': 'C6DMOQA6', 'MIN_TIME': 7, 'inspectCost': 0.25, 'startTime': 'Fri Aug 19 2022 18:30:21 GMT+0200 (Středoevropský letní čas)', 'bonusRate': 0.002, 'variance': '2_4_24', 'branching': '312'}"
5c5dfb15034e2800016454aa:62ffb73fe31bae241538cb8a,params,"{'CODE': 'C6DMOQA6', 'MIN_TIME': 7, 'inspectCost': 0.25, 'startTime': 'Fri Aug 19 2022 18:52:56 GMT+0200 (Ora legale dell’Europa centrale)', 'bonusRate': 0.002, 'variance': '2_4_24', 'branching': '312'}"
5f3f47ae0c03be23a4ed6845:62f6237ed64dc454fe55122a,params,"{'CODE': 'C6DMOQA6', 'MIN_TIME': 7, 'inspectCost': 0.3, 'startTime': 'Fri Aug 12 2022 12:10:09 GMT+0200 (Central European Summer Time)', 'bonusRate': 0.002, 'variance': '2_4_24', 'branching': '312'}"
5f3f47ae0c03be23a4ed6845:62f6237ed64dc454fe55122a,final_score,117.5
6155e6b88ae22eea42c5503c:62ffb73fe31bae241538cb8a,params,"{'CODE': 'C6DMOQA6', 'MIN_TIME': 7, 'inspectCost': 1, 'startTime': 'Fri Aug 19 2022 18:35:32 GMT+0200 (czas środkowoeuropejski letni)', 'bonusRate': 0.002, 'variance': '2_4_24', 'branching': '312'}"
6155e6b88ae22eea42c5503c:62ffb73fe31bae241538cb8a,final_score,1186
5ec6583644972a0315eb4f0d:630395ec3bbdf7a1062ff4c9,params,"{'CODE': 'CD8YV6VN', 'MIN_TIME': 7, 'inspectCost': 0.25, 'startTime': 'Mon Aug 22 2022 17:01:02 GMT+0200 (South Africa Standard Time)', 'bonusRate': 0.002, 'variance': '2_4_24', 'branching': '312'}"
5ec6583644972a0315eb4f0d:630395ec3bbdf7a1062ff4c9,final_score,1396
5e909bce9eeb7a3ac5dcccf6:62f6237ed64dc454fe55122a,params,"{'CODE': 'C6DMOQA6', 'MIN_TIME': 7, 'inspectCost': 0.3, 'startTime': 'Fri Aug 12 2022 11:09:39 GMT+0100 (Hora de verão da Europa Ocidental)', 'bonusRate': 0.002, 'variance': '2_4_24', 'branching': '312'}"
5e909bce9eeb7a3ac5dcccf6:62f6237ed64dc454fe55122a,final_score,0
5d7df958cb6cf00001399929:62f3c05cc386d01b3d466a42,params,"{'CODE': 'C6DMOQA6', 'MIN_TIME': 7, 'inspectCost': 0.3, 'startTime': 'Thu Aug 11 2022 12:27:29 GMT+0200 (közép-európai nyári idő)', 'bonusRate': 0.002, 'variance': '2_4_24', 'branching': '312'}"
5d7df958cb6cf00001399929:62f3c05cc386d01b3d466a42,final_score,647.9
automated12:automated12,params,"{'CODE': 'CD8YV6VN', 'MIN_TIME': 7, 'inspectCost': 1, 'startTime': 'Thu Sep 01 2022 17:05:42 GMT+0200 (Central European Summer Time)', 'bonusRate': 0.002, 'variance': '2_4_24', 'branching': '312'}"
debug3rP41:debug4F5qx,params,"{'CODE': 'C6DMOQA6', 'MIN_TIME': 7, 'inspectCost': 1, 'startTime': 'Fri Aug 19 2022 17:38:52 GMT+0200 (Central European Summer Time)', 'bonusRate': 0.002, 'variance': '2_4_24', 'branching': '312'}"
debu323461:debug4388351qx,params,"{'CODE': 'C6DMOQA6', 'MIN_TIME': 7, 'inspectCost': 1, 'startTime': 'Fri Aug 19 2022 18:11:59 GMT+0200 (Central European Summer Time)', 'bonusRate': 0.002, 'variance': '2_4_24', 'branching': '312'}"
6141210c31f06c30f5f58104:630395ec3bbdf7a1062ff4c9,params,"{'CODE': 'CD8YV6VN', 'MIN_TIME': 7, 'inspectCost': 0.25, 'startTime': 'Mon Aug 22 2022 16:55:30 GMT+0200 (South Africa Standard Time)', 'bonusRate': 0.002, 'variance': '2_4_24', 'branching': '312'}"
6141210c31f06c30f5f58104:630395ec3bbdf7a1062ff4c9,final_score,647.5
automated26:automated26,params,"{'CODE': 'CD8YV6VN', 'MIN_TIME': 7, 'inspectCost': 1, 'startTime': 'Mon Sep 05 2022 09:16:22 GMT+0200 (Central European Summer Time)', 'bonusRate': 0.002, 'variance': '2_4_24', 'branching': '312'}"
615df4407595b67e50cf886b:62ffb73fe31bae241538cb8a,params,"{'CODE': 'C6DMOQA6', 'MIN_TIME': 7, 'inspectCost': 1, 'startTime': 'Fri Aug 19 2022 18:40:15 GMT+0200 (South Africa Standard Time)', 'bonusRate': 0.002, 'variance': '2_4_24', 'branching': '312'}"
5f58d87950e39f07ad1ba367:630395ec3bbdf7a1062ff4c9,params,"{'CODE': 'CD8YV6VN', 'MIN_TIME': 7, 'inspectCost': 0.25, 'startTime': 'Mon Aug 22 2022 17:58:20 GMT+0200 (CEST)', 'bonusRate': 0.002, 'variance': '2_4_24', 'branching': '312'}"
5fb2d087a956be967181e2d1:630395ec3bbdf7a1062ff4c9,params,"{'CODE': 'CD8YV6VN', 'MIN_TIME': 7, 'inspectCost': 0.25, 'startTime': 'Mon Aug 22 2022 16:56:29 GMT+0200 (czas środkowoeuropejski letni)', 'bonusRate': 0.002, 'variance': '2_4_24', 'branching': '312'}"
5fb2d087a956be967181e2d1:630395ec3bbdf7a1062ff4c9,final_score,1168.75
debug6nSGI:debugVKXkh,params,"{'CODE': 'guanaco', 'MIN_TIME': 7, 'inspectCost': 0.6, 'startTime': 'Mon Aug 08 2022 09:05:56 GMT+0200 (Central European Summer Time)', 'bonusRate': 0.002, 'variance': '2_4_24', 'branching': '312'}"
6172a9f0b1a540f3b4089c31:62f3c05cc386d01b3d466a42,params,"{'CODE': 'C6DMOQA6', 'MIN_TIME': 7, 'inspectCost': 0.3, 'startTime': 'Thu Aug 11 2022 12:27:53 GMT+0200 (South Africa Standard Time)', 'bonusRate': 0.002, 'variance': '2_4_24', 'branching': '312'}"
6172a9f0b1a540f3b4089c31:62f3c05cc386d01b3d466a42,final_score,250.4
debugs45bB9:debugSf5d,params,"{'CODE': 'C6DMOQA6', 'MIN_TIME': 7, 'inspectCost': 0.25, 'startTime': 'Mon Aug 22 2022 12:33:35 GMT+0200 (Central European Summer Time)', 'bonusRate': 0.002, 'variance': '2_4_24', 'branching': '312'}"
605dd2aa0ea16fa5324e2f61:62f6237ed64dc454fe55122a,params,"{'CODE': 'C6DMOQA6', 'MIN_TIME': 7, 'inspectCost': 0.3, 'startTime': 'Fri Aug 12 2022 11:10:26 GMT+0100 (Hora de verão da Europa Ocidental)', 'bonusRate': 0.002, 'variance': '2_4_24', 'branching': '312'}"
605dd2aa0ea16fa5324e2f61:62f6237ed64dc454fe55122a,final_score,1118
61093d97f7bf8a4f8117eb82:630395ec3bbdf7a1062ff4c9,params,"{'CODE': 'CD8YV6VN', 'MIN_TIME': 7, 'inspectCost': 0.25, 'startTime': 'Mon Aug 22 2022 16:46:53 GMT+0000 (Hora Coordenada Universal)', 'bonusRate': 0.002, 'variance': '2_4_24', 'branching': '312'}"
61093d97f7bf8a4f8117eb82:630395ec3bbdf7a1062ff4c9,final_score,1237.75
60b240b5ea9091ab2f12568b:630395ec3bbdf7a1062ff4c9,params,"{'CODE': 'CD8YV6VN', 'MIN_TIME': 7, 'inspectCost': 0.25, 'startTime': 'Mon Aug 22 2022 16:58:16 GMT+0200 (Eastern European Standard Time)', 'bonusRate': 0.002, 'variance': '2_4_24', 'branching': '312'}"
613744265ded8269423140d6:62f6237ed64dc454fe55122a,params,"{'CODE': 'C6DMOQA6', 'MIN_TIME': 7, 'inspectCost': 0.3, 'startTime': 'Fri Aug 12 2022 12:11:42 GMT+0200 (czas środkowoeuropejski letni)', 'bonusRate': 0.002, 'variance': '2_4_24', 'branching': '312'}"
613744265ded8269423140d6:62f6237ed64dc454fe55122a,final_score,0
debugwRXog:debug6yyl8,params,"{'CODE': 'C6DMOQA6', 'MIN_TIME': 7, 'inspectCost': 0.25, 'startTime': 'Mon Aug 22 2022 12:58:52 GMT+0200 (Central European Summer Time)', 'bonusRate': 0.002, 'variance': '2_4_24', 'branching': '312'}"
5e8233caf510ba08eb222906:62ffb73fe31bae241538cb8a,params,"{'CODE': 'C6DMOQA6', 'MIN_TIME': 7, 'inspectCost': 1, 'startTime': 'Fri Aug 19 2022 18:31:31 GMT+0200 (Ora legale dell’Europa centrale)', 'bonusRate': 0.002, 'variance': '2_4_24', 'branching': '312'}"
5f1d3ad42799076387be231c:62f6237ed64dc454fe55122a,params,"{'CODE': 'C6DMOQA6', 'MIN_TIME': 7, 'inspectCost': 0.3, 'startTime': 'Fri Aug 12 2022 12:14:07 GMT+0200 (South Africa Standard Time)', 'bonusRate': 0.002, 'variance': '2_4_24', 'branching': '312'}"
5f1d3ad42799076387be231c:62f6237ed64dc454fe55122a,final_score,381.4
debug67UNv:debug3yAF0,params,"{'CODE': 'guanaco', 'MIN_TIME': 7, 'inspectCost': 0.6, 'startTime': 'Fri Aug 05 2022 16:49:39 GMT+0200 (Central European Summer Time)', 'bonusRate': 0.002, 'variance': '2_4_24', 'branching': '312'}"
automated18:automated18,params,"{'CODE': 'CD8YV6VN', 'MIN_TIME': 7, 'inspectCost': 1, 'startTime': 'Fri Sep 02 2022 11:36:09 GMT+0200 (Central European Summer Time)', 'bonusRate': 0.002, 'variance': '2_4_24', 'branching': '312'}"
automated18:automated18,final_score,38
5c2c6a46867f660001af7418:62f3c05cc386d01b3d466a42,params,"{'CODE': 'C6DMOQA6', 'MIN_TIME': 7, 'inspectCost': 0.3, 'startTime': 'Thu Aug 11 2022 12:33:08 GMT+0200 (közép-európai nyári idő)', 'bonusRate': 0.002, 'variance': '2_4_24', 'branching': '312'}"
5c2c6a46867f660001af7418:62f3c05cc386d01b3d466a42,final_score,1232.1
5e7f76cf000e7064c43cc84a:62f3c05cc386d01b3d466a42,params,"{'CODE': 'C6DMOQA6', 'MIN_TIME': 7, 'inspectCost': 0.3, 'startTime': 'Thu Aug 11 2022 12:33:03 GMT+0200 (czas środkowoeuropejski letni)', 'bonusRate': 0.002, 'variance': '2_4_24', 'branching': '312'}"
5e7f76cf000e7064c43cc84a:62f3c05cc386d01b3d466a42,final_score,527
debugsWt9L:debugyzqnE,params,"{'CODE': 'CD8YV6VN', 'MIN_TIME': 7, 'inspectCost': 1, 'startTime': 'Thu Sep 08 2022 11:06:40 GMT+0200 (Central European Summer Time)', 'bonusRate': 0.002, 'variance': '2_4_24', 'branching': '312'}"
612b412e4d264d7211398586:62f6237ed64dc454fe55122a,params,"{'CODE': 'C6DMOQA6', 'MIN_TIME': 7, 'inspectCost': 0.3, 'startTime': 'Fri Aug 12 2022 12:11:13 GMT+0200 (South Africa Standard Time)', 'bonusRate': 0.002, 'variance': '2_4_24', 'branching': '312'}"
612b412e4d264d7211398586:62f6237ed64dc454fe55122a,final_score,65.1
automated13:automated13,params,"{'CODE': 'CD8YV6VN', 'MIN_TIME': 7, 'inspectCost': 1, 'startTime': 'Thu Sep 01 2022 17:16:59 GMT+0200 (Central European Summer Time)', 'bonusRate': 0.002, 'variance': '2_4_24', 'branching': '312'}"
automated27:automated27,params,"{'CODE': 'CD8YV6VN', 'MIN_TIME': 7, 'inspectCost': 1, 'startTime': 'Mon Sep 05 2022 09:31:55 GMT+0200 (Central European Summer Time)', 'bonusRate': 0.002, 'variance': '2_4_24', 'branching': '312'}"
5e0f649eabec5d678a6f11bb:62ffb73fe31bae241538cb8a,params,"{'CODE': 'C6DMOQA6', 'MIN_TIME': 7, 'inspectCost': 0.25, 'startTime': 'Fri Aug 19 2022 11:28:17 GMT-0500 (Central Daylight Time)', 'bonusRate': 0.002, 'variance': '2_4_24', 'branching': '312'}"
5e0f649eabec5d678a6f11bb:62ffb73fe31bae241538cb8a,final_score,1322.25
60365a98a8b60fcb5bf8d9e4:62ffb73fe31bae241538cb8a,params,"{'CODE': 'C6DMOQA6', 'MIN_TIME': 7, 'inspectCost': 1, 'startTime': 'Fri Aug 19 2022 19:27:54 GMT+0300 (Eastern European Summer Time)', 'bonusRate': 0.002, 'variance': '2_4_24', 'branching': '312'}"
60365a98a8b60fcb5bf8d9e4:62ffb73fe31bae241538cb8a,final_score,1312
spleebug:spleebug,params,"{'CODE': 'CD8YV6VN', 'MIN_TIME': 7, 'inspectCost': 1, 'startTime': 'Sat Aug 27 2022 11:23:36 GMT+0200 (Central European Summer Time)', 'bonusRate': 0.002, 'variance': '2_4_24', 'branching': '312'}"
automated7:automated7,params,"{'CODE': 'CD8YV6VN', 'MIN_TIME': 7, 'inspectCost': 1, 'startTime': 'Thu Sep 01 2022 12:16:03 GMT+0200 (Central European Summer Time)', 'bonusRate': 0.002, 'variance': '2_4_24', 'branching': '312'}"
6151c64a4c0d073be1927c49:62ffb73fe31bae241538cb8a,params,"{'CODE': 'C6DMOQA6', 'MIN_TIME': 7, 'inspectCost': 0.25, 'startTime': 'Fri Aug 19 2022 11:28:26 GMT-0500 (hora de verano central)', 'bonusRate': 0.002, 'variance': '2_4_24', 'branching': '312'}"
debugvu3GN:debugGFubb,params,"{'CODE': 'CD8YV6VN', 'MIN_TIME': 7, 'inspectCost': 0.25, 'startTime': 'Mon Aug 22 2022 16:44:33 GMT+0200 (Central European Summer Time)', 'bonusRate': 0.002, 'variance': '2_4_24', 'branching': '312'}"
debugs7YgO:debuguCVhX,params,"{'CODE': 'CD8YV6VN', 'MIN_TIME': 7, 'inspectCost': 1, 'startTime': 'Thu Sep 08 2022 11:47:56 GMT+0200 (Central European Summer Time)', 'bonusRate': 0.002, 'variance': '2_4_24', 'branching': '312'}"
debugrEUQB:debugV0aLF,params,"{'CODE': 'CD8YV6VN', 'MIN_TIME': 7, 'inspectCost': 0.25, 'startTime': 'Tue Aug 23 2022 12:04:40 GMT+0200 (Central European Summer Time)', 'bonusRate': 0.002, 'variance': '2_4_24', 'branching': '312'}"
automated34:automated34,params,"{'CODE': 'CD8YV6VN', 'MIN_TIME': 7, 'inspectCost': 1, 'startTime': 'Mon Sep 05 2022 11:24:53 GMT+0200 (Central European Summer Time)', 'bonusRate': 0.002, 'variance': '2_4_24', 'branching': '312'}"
5e42b6421f44d3143440b25c:62ffb73fe31bae241538cb8a,params,"{'CODE': 'C6DMOQA6', 'MIN_TIME': 7, 'inspectCost': 1, 'startTime': 'Fri Aug 19 2022 18:28:02 GMT+0200 (Ora legale dell’Europa centrale)', 'bonusRate': 0.002, 'variance': '2_4_24', 'branching': '312'}"
automated8:automated8,params,"{'CODE': 'CD8YV6VN', 'MIN_TIME': 7, 'inspectCost': 1, 'startTime': 'Thu Sep 01 2022 12:27:30 GMT+0200 (Central European Summer Time)', 'bonusRate': 0.002, 'variance': '2_4_24', 'branching': '312'}"
automated14:automated14,params,"{'CODE': 'CD8YV6VN', 'MIN_TIME': 7, 'inspectCost': 1, 'startTime': 'Thu Sep 01 2022 17:30:32 GMT+0200 (Central European Summer Time)', 'bonusRate': 0.002, 'variance': '2_4_24', 'branching': '312'}"
automated19:automated19,params,"{'CODE': 'CD8YV6VN', 'MIN_TIME': 7, 'inspectCost': 1, 'startTime': 'Fri Sep 02 2022 11:55:28 GMT+0200 (Central European Summer Time)', 'bonusRate': 0.002, 'variance': '2_4_24', 'branching': '312'}"
automated19:automated19,final_score,26
debugSDJpe:debugGgKXh,params,"{'CODE': 'CD8YV6VN', 'MIN_TIME': 7, 'inspectCost': 0.25, 'startTime': 'Mon Aug 22 2022 16:50:51 GMT+0200 (Central European Summer Time)', 'bonusRate': 0.002, 'variance': '2_4_24', 'branching': '312'}"
615325dde7a4d7a78fa314b5:630395ec3bbdf7a1062ff4c9,params,"{'CODE': 'CD8YV6VN', 'MIN_TIME': 7, 'inspectCost': 0.25, 'startTime': 'Mon Aug 22 2022 15:55:08 GMT+0100 (Hora de verão da Europa Ocidental)', 'bonusRate': 0.002, 'variance': '2_4_24', 'branching': '312'}"
615325dde7a4d7a78fa314b5:630395ec3bbdf7a1062ff4c9,final_score,1072.25
debugf5hoA:debugvHuUv,params,"{'CODE': 'CD8YV6VN', 'MIN_TIME': 7, 'inspectCost': 1, 'startTime': 'Fri Sep 02 2022 11:31:32 GMT+0200 (Central European Summer Time)', 'bonusRate': 0.002, 'variance': '2_4_24', 'branching': '312'}"
automated29:automated29,params,"{'CODE': 'CD8YV6VN', 'MIN_TIME': 7, 'inspectCost': 1, 'startTime': 'Mon Sep 05 2022 09:42:50 GMT+0200 (Central European Summer Time)', 'bonusRate': 0.002, 'variance': '2_4_24', 'branching': '312'}"
debugTest1:debugTest1,params,"{'CODE': 'CD8YV6VN', 'MIN_TIME': 7, 'inspectCost': 0.25, 'startTime': 'Tue Aug 23 2022 15:22:40 GMT+0200 (Central European Summer Time)', 'bonusRate': 0.002, 'variance': '2_4_24', 'branching': '312'}"
5f1f5551a6dae413877f49c7:630395ec3bbdf7a1062ff4c9,params,"{'CODE': 'CD8YV6VN', 'MIN_TIME': 7, 'inspectCost': 0.25, 'startTime': 'Mon Aug 22 2022 15:55:32 GMT+0100 (Hora de verão da Europa Ocidental)', 'bonusRate': 0.002, 'variance': '2_4_24', 'branching': '312'}"
5f1f5551a6dae413877f49c7:630395ec3bbdf7a1062ff4c9,final_score,480.25
5f503987fc18901a2c94c407:62ffb73fe31bae241538cb8a,params,"{'CODE': 'C6DMOQA6', 'MIN_TIME': 7, 'inspectCost': 0.25, 'startTime': 'Fri Aug 19 2022 11:28:59 GMT-0500 (hora de verano central)', 'bonusRate': 0.002, 'variance': '2_4_24', 'branching': '312'}"
5f503987fc18901a2c94c407:62ffb73fe31bae241538cb8a,final_score,1381
5c3747496d465f00011a4d21:62ffb73fe31bae241538cb8a,params,"{'CODE': 'C6DMOQA6', 'MIN_TIME': 7, 'inspectCost': 0.25, 'startTime': 'Fri Aug 19 2022 18:28:34 GMT+0200 (Ora legale dell’Europa centrale)', 'bonusRate': 0.002, 'variance': '2_4_24', 'branching': '312'}"
5c3747496d465f00011a4d21:62ffb73fe31bae241538cb8a,final_score,757
5c86b96a34daa70017e9341f:62ffb73fe31bae241538cb8a,params,"{'CODE': 'C6DMOQA6', 'MIN_TIME': 7, 'inspectCost': 1, 'startTime': 'Fri Aug 19 2022 19:29:11 GMT+0300 (Eastern European Summer Time)', 'bonusRate': 0.002, 'variance': '2_4_24', 'branching': '312'}"
automated15:automated15,params,"{'CODE': 'CD8YV6VN', 'MIN_TIME': 7, 'inspectCost': 1, 'startTime': 'Fri Sep 02 2022 11:32:25 GMT+0200 (Central European Summer Time)', 'bonusRate': 0.002, 'variance': '2_4_24', 'branching': '312'}"
60d4c52faeecc354694c9fe7:630395ec3bbdf7a1062ff4c9,params,"{'CODE': 'CD8YV6VN', 'MIN_TIME': 7, 'inspectCost': 0.25, 'startTime': 'Mon Aug 22 2022 15:55:21 GMT+0100 (Hora de verão da Europa Ocidental)', 'bonusRate': 0.002, 'variance': '2_4_24', 'branching': '312'}"
60d4c52faeecc354694c9fe7:630395ec3bbdf7a1062ff4c9,final_score,1185.75
debugba1hG:debug0L51y,params,"{'CODE': 'CD8YV6VN', 'MIN_TIME': 7, 'inspectCost': 1, 'startTime': 'Thu Sep 08 2022 12:10:19 GMT+0200 (Central European Summer Time)', 'bonusRate': 0.002, 'variance': '2_4_24', 'branching': '312'}"
automated35:automated35,params,"{'CODE': 'CD8YV6VN', 'MIN_TIME': 7, 'inspectCost': 1, 'startTime': 'Mon Sep 05 2022 11:32:01 GMT+0200 (Central European Summer Time)', 'bonusRate': 0.002, 'variance': '2_4_24', 'branching': '312'}"
automated35:automated35,final_score,316
sribug:sribug,params,"{'CODE': 'CD8YV6VN', 'MIN_TIME': 7, 'inspectCost': 1, 'startTime': 'Mon Aug 29 2022 11:02:19 GMT+0200 (Central European Summer Time)', 'bonusRate': 0.002, 'variance': '2_4_24', 'branching': '312'}"
sribug:sribug,final_score,1377
automated20:automated20,params,"{'CODE': 'CD8YV6VN', 'MIN_TIME': 7, 'inspectCost': 1, 'startTime': 'Fri Sep 02 2022 11:56:39 GMT+0200 (Central European Summer Time)', 'bonusRate': 0.002, 'variance': '2_4_24', 'branching': '312'}"
automated20:automated20,final_score,106
614f45a5dbb73599b9fdc65b:630395ec3bbdf7a1062ff4c9,params,"{'CODE': 'CD8YV6VN', 'MIN_TIME': 7, 'inspectCost': 0.25, 'startTime': 'Mon Aug 22 2022 09:55:12 GMT-0500 (Central Daylight Time)', 'bonusRate': 0.002, 'variance': '2_4_24', 'branching': '312'}"
61114c31631413f937fa08cb:62ffb73fe31bae241538cb8a,params,"{'CODE': 'C6DMOQA6', 'MIN_TIME': 7, 'inspectCost': 1, 'startTime': 'Fri Aug 19 2022 19:28:40 GMT+0300 (Eastern European Summer Time)', 'bonusRate': 0.002, 'variance': '2_4_24', 'branching': '312'}"
6164e1b26996fe46860b2291:62ffb73fe31bae241538cb8a,params,"{'CODE': 'C6DMOQA6', 'MIN_TIME': 7, 'inspectCost': 1, 'startTime': 'Fri Aug 19 2022 11:29:25 GMT-0500 (hora de verano central)', 'bonusRate': 0.002, 'variance': '2_4_24', 'branching': '312'}"
6164e1b26996fe46860b2291:62ffb73fe31bae241538cb8a,final_score,1214
616aea6b17045149d16aca39:62ffb73fe31bae241538cb8a,params,"{'CODE': 'C6DMOQA6', 'MIN_TIME': 7, 'inspectCost': 0.25, 'startTime': 'Fri Aug 19 2022 18:29:29 GMT+0200 (South Africa Standard Time)', 'bonusRate': 0.002, 'variance': '2_4_24', 'branching': '312'}"
616aea6b17045149d16aca39:62ffb73fe31bae241538cb8a,final_score,-62.5
debugDqtGN:debugnlB5O,params,"{'CODE': 'CD8YV6VN', 'MIN_TIME': 7, 'inspectCost': 0.25, 'startTime': 'Mon Aug 29 2022 12:23:24 GMT+0200 (Central European Summer Time)', 'bonusRate': 0.002, 'variance': '2_4_24', 'branching': '312'}"
automated37:automated37,params,"{'CODE': 'CD8YV6VN', 'MIN_TIME': 7, 'inspectCost': 1, 'startTime': 'Mon Sep 05 2022 11:58:51 GMT+0200 (Central European Summer Time)', 'bonusRate': 0.002, 'variance': '2_4_24', 'branching': '312'}"
automated16:automated16,params,"{'CODE': 'CD8YV6VN', 'MIN_TIME': 7, 'inspectCost': 1, 'startTime': 'Fri Sep 02 2022 11:33:32 GMT+0200 (Central European Summer Time)', 'bonusRate': 0.002, 'variance': '2_4_24', 'branching': '312'}"
609337515bc9469811c3486c:630395ec3bbdf7a1062ff4c9,params,"{'CODE': 'CD8YV6VN', 'MIN_TIME': 7, 'inspectCost': 0.25, 'startTime': 'Mon Aug 22 2022 09:56:03 GMT-0500 (hora de verano central)', 'bonusRate': 0.002, 'variance': '2_4_24', 'branching': '312'}"
609337515bc9469811c3486c:630395ec3bbdf7a1062ff4c9,final_score,734.75
5e82336768080c958df984c1:62ffb73fe31bae241538cb8a,params,"{'CODE': 'C6DMOQA6', 'MIN_TIME': 7, 'inspectCost': 0.25, 'startTime': 'Fri Aug 19 2022 19:29:40 GMT+0300 (Eastern European Summer Time)', 'bonusRate': 0.002, 'variance': '2_4_24', 'branching': '312'}"
automated9:automated9,params,"{'CODE': 'CD8YV6VN', 'MIN_TIME': 7, 'inspectCost': 1, 'startTime': 'Thu Sep 01 2022 12:38:56 GMT+0200 (Central European Summer Time)', 'bonusRate': 0.002, 'variance': '2_4_24', 'branching': '312'}"
612f3f73f0f8086722abf5c5:630395ec3bbdf7a1062ff4c9,params,"{'CODE': 'CD8YV6VN', 'MIN_TIME': 7, 'inspectCost': 0.25, 'startTime': 'Mon Aug 22 2022 16:56:04 GMT+0200 (czas środkowoeuropejski letni)', 'bonusRate': 0.002, 'variance': '2_4_24', 'branching': '312'}"
612f3f73f0f8086722abf5c5:630395ec3bbdf7a1062ff4c9,final_score,1265.25
6133e1b6a8093fd7526e0eda:62ffb73fe31bae241538cb8a,params,"{'CODE': 'C6DMOQA6', 'MIN_TIME': 7, 'inspectCost': 1, 'startTime': 'Fri Aug 19 2022 18:29:03 GMT+0200 (heure d’été d’Europe centrale)', 'bonusRate': 0.002, 'variance': '2_4_24', 'branching': '312'}"
automated30:automated30,params,"{'CODE': 'CD8YV6VN', 'MIN_TIME': 7, 'inspectCost': 1, 'startTime': 'Mon Sep 05 2022 09:49:57 GMT+0200 (Central European Summer Time)', 'bonusRate': 0.002, 'variance': '2_4_24', 'branching': '312'}"
automated30:automated30,final_score,0
automated1:automated1,params,"{'CODE': 'CD8YV6VN', 'MIN_TIME': 7, 'inspectCost': 1, 'startTime': 'Thu Sep 01 2022 11:05:36 GMT+0200 (Central European Summer Time)', 'bonusRate': 0.002, 'variance': '2_4_24', 'branching': '312'}"
automated1:automated1,final_score,98
automated21:automated21,params,"{'CODE': 'CD8YV6VN', 'MIN_TIME': 7, 'inspectCost': 1, 'startTime': 'Fri Sep 02 2022 12:16:03 GMT+0200 (Central European Summer Time)', 'bonusRate': 0.002, 'variance': '2_4_24', 'branching': '312'}"
automated21:automated21,final_score,58
615e83303bf461137c0fc627:62ffb73fe31bae241538cb8a,params,"{'CODE': 'C6DMOQA6', 'MIN_TIME': 7, 'inspectCost': 1, 'startTime': 'Fri Aug 19 2022 11:29:31 GMT-0500 (hora de verano central)', 'bonusRate': 0.002, 'variance': '2_4_24', 'branching': '312'}"
60e46e6f6bc0c2cdf5d077ce:630395ec3bbdf7a1062ff4c9,params,"{'CODE': 'CD8YV6VN', 'MIN_TIME': 7, 'inspectCost': 0.25, 'startTime': 'Mon Aug 22 2022 16:55:34 GMT+0200 (South Africa Standard Time)', 'bonusRate': 0.002, 'variance': '2_4_24', 'branching': '312'}"
5efa1c514003e68155b99a93:62ffb73fe31bae241538cb8a,params,"{'CODE': 'C6DMOQA6', 'MIN_TIME': 7, 'inspectCost': 0.25, 'startTime': 'Fri Aug 19 2022 18:28:32 GMT+0200 (Central European Summer Time)', 'bonusRate': 0.002, 'variance': '2_4_24', 'branching': '312'}"
5efa1c514003e68155b99a93:62ffb73fe31bae241538cb8a,final_score,1291
5efa462d12ad1987e08ec81f:62ffb73fe31bae241538cb8a,params,"{'CODE': 'C6DMOQA6', 'MIN_TIME': 7, 'inspectCost': 1, 'startTime': 'Fri Aug 19 2022 16:30:16 GMT+0000 (Coordinated Universal Time)', 'bonusRate': 0.002, 'variance': '2_4_24', 'branching': '312'}"
608d46d1b85747fad3f55a88:62ffb73fe31bae241538cb8a,params,"{'CODE': 'C6DMOQA6', 'MIN_TIME': 7, 'inspectCost': 1, 'startTime': 'Fri Aug 19 2022 18:29:46 GMT+0200 (Ora legale dell’Europa centrale)', 'bonusRate': 0.002, 'variance': '2_4_24', 'branching': '312'}"
608d46d1b85747fad3f55a88:62ffb73fe31bae241538cb8a,final_score,1397
5f63c23441886d11737a8c4f:630395ec3bbdf7a1062ff4c9,params,"{'CODE': 'CD8YV6VN', 'MIN_TIME': 7, 'inspectCost': 0.25, 'startTime': 'Mon Aug 22 2022 09:56:38 GMT-0500 (Central Daylight Time)', 'bonusRate': 0.002, 'variance': '2_4_24', 'branching': '312'}"
5f63c23441886d11737a8c4f:630395ec3bbdf7a1062ff4c9,final_score,1312.5
automated10:automated10,params,"{'CODE': 'CD8YV6VN', 'MIN_TIME': 7, 'inspectCost': 1, 'startTime': 'Thu Sep 01 2022 16:43:07 GMT+0200 (Central European Summer Time)', 'bonusRate': 0.002, 'variance': '2_4_24', 'branching': '312'}"
automated31:automated31,params,"{'CODE': 'CD8YV6VN', 'MIN_TIME': 7, 'inspectCost': 1, 'startTime': 'Mon Sep 05 2022 10:05:32 GMT+0200 (Central European Summer Time)', 'bonusRate': 0.002, 'variance': '2_4_24', 'branching': '312'}"
automated31:automated31,final_score,348
debugJAt10:debug1tZoD,params,"{'CODE': 'CD8YV6VN', 'MIN_TIME': 7, 'inspectCost': 1, 'startTime': 'Thu Sep 01 2022 10:55:12 GMT+0200 (Central European Summer Time)', 'bonusRate': 0.002, 'variance': '2_4_24', 'branching': '312'}"
debugeZQU5:debugrulfh,params,"{'CODE': 'CD8YV6VN', 'MIN_TIME': 7, 'inspectCost': 1, 'startTime': 'Thu Sep 01 2022 11:03:04 GMT+0200 (Central European Summer Time)', 'bonusRate': 0.002, 'variance': '2_4_24', 'branching': '312'}"
613215058b0db52ae5a2a2a7:62ffb73fe31bae241538cb8a,params,"{'CODE': 'C6DMOQA6', 'MIN_TIME': 7, 'inspectCost': 1, 'startTime': 'Fri Aug 19 2022 18:28:16 GMT+0200 (South Africa Standard Time)', 'bonusRate': 0.002, 'variance': '2_4_24', 'branching': '312'}"
613215058b0db52ae5a2a2a7:62ffb73fe31bae241538cb8a,final_score,193
614a360a9ff931cef70c2a33:630395ec3bbdf7a1062ff4c9,params,"{'CODE': 'CD8YV6VN', 'MIN_TIME': 7, 'inspectCost': 0.25, 'startTime': 'Mon Aug 22 2022 16:56:07 GMT+0200 (Srednjeevropski poletni čas)', 'bonusRate': 0.002, 'variance': '2_4_24', 'branching': '312'}"
60abf71aa3abebc8ba3c5b67:630395ec3bbdf7a1062ff4c9,params,"{'CODE': 'CD8YV6VN', 'MIN_TIME': 7, 'inspectCost': 0.25, 'startTime': 'Mon Aug 22 2022 16:57:11 GMT+0200 (South Africa Standard Time)', 'bonusRate': 0.002, 'variance': '2_4_24', 'branching': '312'}"
60abf71aa3abebc8ba3c5b67:630395ec3bbdf7a1062ff4c9,final_score,847.75
debugBemhb:debug4MZBX,params,"{'CODE': 'CD8YV6VN', 'MIN_TIME': 7, 'inspectCost': 1, 'startTime': 'Thu Sep 01 2022 10:44:48 GMT+0200 (Central European Summer Time)', 'bonusRate': 0.002, 'variance': '2_4_24', 'branching': '312'}"
automated22:automated22,params,"{'CODE': 'CD8YV6VN', 'MIN_TIME': 7, 'inspectCost': 1, 'startTime': 'Fri Sep 02 2022 12:27:24 GMT+0200 (Central European Summer Time)', 'bonusRate': 0.002, 'variance': '2_4_24', 'branching': '312'}"
automated2:automated2,params,"{'CODE': 'CD8YV6VN', 'MIN_TIME': 7, 'inspectCost': 1, 'startTime': 'Thu Sep 01 2022 11:23:40 GMT+0200 (Central European Summer Time)', 'bonusRate': 0.002, 'variance': '2_4_24', 'branching': '312'}"
automated24:automated24,params,"{'CODE': 'CD8YV6VN', 'MIN_TIME': 7, 'inspectCost': 1, 'startTime': 'Mon Sep 05 2022 08:49:34 GMT+0200 (Central European Summer Time)', 'bonusRate': 0.002, 'variance': '2_4_24', 'branching': '312'}"
automated24:automated24,final_score,252
automated38:automated38,params,"{'CODE': 'CD8YV6VN', 'MIN_TIME': 7, 'inspectCost': 1, 'startTime': 'Mon Sep 05 2022 12:10:13 GMT+0200 (Central European Summer Time)', 'bonusRate': 0.002, 'variance': '2_4_24', 'branching': '312'}"
automated3:automated3,params,"{'CODE': 'CD8YV6VN', 'MIN_TIME': 7, 'inspectCost': 1, 'startTime': 'Thu Sep 01 2022 11:40:22 GMT+0200 (Central European Summer Time)', 'bonusRate': 0.002, 'variance': '2_4_24', 'branching': '312'}"
automated4:automated4,params,"{'CODE': 'CD8YV6VN', 'MIN_TIME': 7, 'inspectCost': 1, 'startTime': 'Thu Sep 01 2022 11:51:42 GMT+0200 (Central European Summer Time)', 'bonusRate': 0.002, 'variance': '2_4_24', 'branching': '312'}"
automated5:automated5,params,"{'CODE': 'CD8YV6VN', 'MIN_TIME': 7, 'inspectCost': 1, 'startTime': 'Thu Sep 01 2022 11:53:21 GMT+0200 (Central European Summer Time)', 'bonusRate': 0.002, 'variance': '2_4_24', 'branching': '312'}"
